{
  "overlays": {
    "pickuplog": {
      "x": 346.125,
      "y": 277.50586,
      "scale": 1.0
    },
    "bobberOverlay": {
      "x": 7.1289062,
      "y": 29.146484,
      "scale": 1.0
    },
    "legionOverlay": {
      "x": 7.7382812,
      "y": 16.388672,
      "scale": 1.0
    },
    "Diana Stats": {
      "x": 179.08398,
      "y": 9.646484,
      "scale": 1.0
    },
    "Diana MagicFind": {
      "x": 78.58203,
      "y": 10.763672,
      "scale": 1.0
    },
    "Diana Mobs": {
      "x": 7.720703,
      "y": 49.085938,
      "scale": 1.0
    },
    "mythosMobHp": {
      "x": 296.9336,
      "y": 221.33203,
      "scale": 1.0
    },
    "Diana Loot": {
      "x": 531.6172,
      "y": 16.855469,
      "scale": 1.0
    },
    "noShuriken": {
      "x": 311.33398,
      "y": 177.19727,
      "scale": 3.0
    }
  }
}